Workbook

Sheet Instructions
A1: 📋 MAGIC FORMULA PORTFOLIO OPTIMIZER
A4: HOW TO USE:
A6: 1. Run the Python script:
A7: python magic_formula_screener.py
A9: 2. This creates magic_formula_data.xlsx with live stock data
A11: 3. Copy data from magic_formula_data.xlsx:
A12: • Open magic_formula_data.xlsx
A13: • Go to "Selected Stocks" sheet
A14: • Copy all data (Ctrl+A, Ctrl+C)
A15: • Paste into "Stock Data" sheet in this workbook (cell A3)
A17: 4. Run Solver:
A18: • Data → Solver
... A28: Re-run Python script anytime for fresh data

Sheet Stock Data
A1: PASTE DATA FROM magic_formula_data.xlsx "Selected Stocks" sheet below
A2: MF Rank | B2: Ticker | C2: Company | D2: Sector | E2: Price | F2: Mkt Cap ($B) | G2: P/E | H2: Earnings Yield | I2: ROC (%) | J2: MF Score | K2: Beta | L2: Volatility | M2: Expected Return | N2: Bench Weight | O2: Portfolio Weight
A3: 1 | B3: WU | C3: Western Union Company (The) | D3: Financial Services | E3: 9.32 | F3: 3 | G3: 4.1 | H3: 0.20833333 | I3: 97.7 | J3: 47 | K3: 0.54 | L3: 0.15 | M3: 0.032 | N3: 0 | O3: 0.04
A4: 2 | B4: CALM | C4: Cal-Maine Foods, Inc. | D4: Consumer Defensive | E4: 82.54 | F4: 4 | G4: 3.2 | H4: 0.625 | I4: 55.1 | J4: 70 | K4: 0.22 | L4: 0.15 | M4: 0.187 | N4: 0.0001 | O4: 0.04
A5: 3 | B5: SLDE | C5: Slide Insurance Holdings, Inc. | D5: Financial Services | E5: 19.81 | F5: 2.5 | G5: 7 | H5: 0.3125 | I5: 52.3 | J5: 83 | K5: 1 | L5: 0.2 | M5: 0.161 | N5: 0 | O5: 0.04
A6: 4 | B6: BYD | C6: Boyd Gaming Corporation | D6: Consumer Cyclical | E6: 86.09 | F6: 6.9 | G6: 3.8 | H6: 0.1369863 | I6: 87 | J6: 135 | K6: 1.25 | L6: 0.25 | M6: 0.073 | N6: 0.0001 | O6: 0.04
A7: 5 | B7: NATL | C7: NCR Atleos Corporation | D7: Technology | E7: 38.93 | F7: 2.9 | G7: 22.2 | H7: 0.15625 | I7: 44.5 | J7: 162 | K7: 0.98 | L7: 0.196 | M7: 0.16 | N7: 0 | O7: 0.04
A8: 6 | B8: PTCT | C8: PTC Therapeutics, Inc. | D8: Healthcare | E8: 77.45 | F8: 6.2 | G8: 9 | H8: 0.13513514 | I8: 51.4 | J8: 183 | K8: 0.47 | L8: 0.15 | M8: 0.057 | N8: 0.0001 | O8: 0.04
A9: 7 | B9: HCI | C9: HCI Group, Inc. | D9: Financial Services | E9: 192.26 | F9: 2.5 | G9: 12.2 | H9: 1.6666667 | I9: 32.7 | J9: 189 | K9: 1.19 | L9: 0.239 | M9: 0.217 | N9: 0 | O9: 0.04
A10: 8 | B10: ALL | C10: Allstate Corporation (The) | D10: Financial Services | E10: 209.07 | F10: 55.1 | G10: 6.8 | H10: 0.18518519 | I10: 34.5 | J10: 192 | K10: 0.25 | L10: 0.15 | M10: 0.129 | N10: 0.0008 | O10: 0.04
A11: 9 | B11: DVA | C11: DaVita Inc. | D11: Healthcare | E11: 113.62 | F11: 8.1 | G11: 11.7 | H11: 0.12195122 | I11: 61.6 | J11: 206 | K11: 0.99 | L11: 0.199 | M11: 0.272 | N11: 0.0001 | O11: 0.04
A12: 10 | B12: RRR | C12: Red Rock Resorts, Inc. | D12: Consumer Cyclical | E12: 62.43 | F12: 6.4 | G12: 19.9 | H12: 0.11235955 | I12: 100 | J12: 207 | K12: 1.52 | L12: 0.304 | M12: 0.053 | N12: 0 | O12: 0.04
A13: 11 | B13: PPC | C13: Pilgrim's Pride Corporation | D13: Consumer Defensive | E13: 39.81 | F13: 9.5 | G13: 7.7 | H13: 0.19230769 | I13: 31.7 | J13: 227 | K13: 0.45 | L13: 0.15 | M13: 0.094 | N13: 0 | O13: 0.04
A14: 12 | B14: AVGO | C14: Broadcom Inc. | D14: Technology | E14: 350.05 | F14: 1659.7 | G14: 73.7 | H14: 0.2 | I14: 31 | J14: 228 | K14: 1.2 | L14: 0.241 | M14: 0.305 | N14: 0.0244 | O14: 0.04
... A27: 25 | B27: WFRD | C27: Weatherford International plc | D27: Energy | E27: 78.54 | F27: 5.6 | G27: 14.2 | H27: 0.15873016 | I27: 30.2 | J27: 275 | K27: 0.94 | L27: 0.188 | M27: 0.139 | N27: 0.0001 | O27: 0.04

Sheet Optimization
A1: PORTFOLIO OPTIMIZATION | D1: Ticker | E1: Sector | F1: Beta | G1: Exp Ret | H1: Vol | I1: TARGET WT | J1: Bench Wt | K1: Active Wt
D2: =IFERROR('Stock Data'!B3,"") -> WU | E2: =IFERROR('Stock Data'!D3,"") -> Financial Services | F2: =IFERROR('Stock Data'!K3,1) -> 0.54 | G2: =IFERROR('Stock Data'!M3,0) -> 0.032 | H2: =IFERROR('Stock Data'!L3,0.25) -> 0.15 | I2: 0.0010000006 | J2: =IFERROR('Stock Data'!N3,0.01) -> 0 | K2: =I2-J2 -> 0.0010000006
A3: PARAMETERS | D3: =IFERROR('Stock Data'!B4,"") -> CALM | E3: =IFERROR('Stock Data'!D4,"") -> Consumer Defensive | F3: =IFERROR('Stock Data'!K4,1) -> 0.22 | G3: =IFERROR('Stock Data'!M4,0) -> 0.187 | H3: =IFERROR('Stock Data'!L4,0.25) -> 0.15 | I3: 0.041997749 | J3: =IFERROR('Stock Data'!N4,0.01) -> 0.0001 | K3: =I3-J3 -> 0.041897749
A4: Risk-Free Rate | B4: 0.041 | D4: =IFERROR('Stock Data'!B5,"") -> SLDE | E4: =IFERROR('Stock Data'!D5,"") -> Financial Services | F4: =IFERROR('Stock Data'!K5,1) -> 1 | G4: =IFERROR('Stock Data'!M5,0) -> 0.161 | H4: =IFERROR('Stock Data'!L5,0.25) -> 0.2 | I4: 0.041358485 | J4: =IFERROR('Stock Data'!N5,0.01) -> 0 | K4: =I4-J4 -> 0.041358485
A5: Avg Correlation | B5: =AVERAGE('Correlation Matrix'!B2:Z26) -> 0.14441714 | D5: =IFERROR('Stock Data'!B6,"") -> BYD | E5: =IFERROR('Stock Data'!D6,"") -> Consumer Cyclical | F5: =IFERROR('Stock Data'!K6,1) -> 1.25 | G5: =IFERROR('Stock Data'!M6,0) -> 0.073 | H5: =IFERROR('Stock Data'!L6,0.25) -> 0.25 | I5: 0.040228437 | J5: =IFERROR('Stock Data'!N6,0.01) -> 0.0001 | K5: =I5-J5 -> 0.040128437
A6: Max Position Wt | B6: =MAX(I2:I101) -> 0.046502268 | D6: =IFERROR('Stock Data'!B7,"") -> NATL | E6: =IFERROR('Stock Data'!D7,"") -> Technology | F6: =IFERROR('Stock Data'!K7,1) -> 0.98 | G6: =IFERROR('Stock Data'!M7,0) -> 0.16 | H6: =IFERROR('Stock Data'!L7,0.25) -> 0.196 | I6: 0.040361333 | J6: =IFERROR('Stock Data'!N7,0.01) -> 0 | K6: =I6-J6 -> 0.040361333
D7: =IFERROR('Stock Data'!B8,"") -> PTCT | E7: =IFERROR('Stock Data'!D8,"") -> Healthcare | F7: =IFERROR('Stock Data'!K8,1) -> 0.47 | G7: =IFERROR('Stock Data'!M8,0) -> 0.057 | H7: =IFERROR('Stock Data'!L8,0.25) -> 0.15 | I7: 0.039861418 | J7: =IFERROR('Stock Data'!N8,0.01) -> 0.0001 | K7: =I7-J7 -> 0.039761418
A8: RESULTS | D8: =IFERROR('Stock Data'!B9,"") -> HCI | E8: =IFERROR('Stock Data'!D9,"") -> Financial Services | F8: =IFERROR('Stock Data'!K9,1) -> 1.19 | G8: =IFERROR('Stock Data'!M9,0) -> 0.217 | H8: =IFERROR('Stock Data'!L9,0.25) -> 0.239 | I8: 0.042474332 | J8: =IFERROR('Stock Data'!N9,0.01) -> 0 | K8: =I8-J8 -> 0.042474332
A9: Expected Return | B9: =SUMPRODUCT(I2:I101,G2:G101) -> 0.1833227 | D9: =IFERROR('Stock Data'!B10,"") -> ALL | E9: =IFERROR('Stock Data'!D10,"") -> Financial Services | F9: =IFERROR('Stock Data'!K10,1) -> 0.25 | G9: =IFERROR('Stock Data'!M10,0) -> 0.129 | H9: =IFERROR('Stock Data'!L10,0.25) -> 0.15 | I9: 0.041767238 | J9: =IFERROR('Stock Data'!N10,0.01) -> 0.0008 | K9: =I9-J9 -> 0.040967238
A10: Portfolio Volatility | B10: =SQRT(SUMPRODUCT(I2:I26,MMULT('Covariance Matrix'!B2:Z26,I2:I26))) -> 0.13453002 | D10: =IFERROR('Stock Data'!B11,"") -> DVA | E10: =IFERROR('Stock Data'!D11,"") -> Healthcare | F10: =IFERROR('Stock Data'!K11,1) -> 0.99 | G10: =IFERROR('Stock Data'!M11,0) -> 0.272 | H10: =IFERROR('Stock Data'!L11,0.25) -> 0.199 | I10: 0.043094791 | J10: =IFERROR('Stock Data'!N11,0.01) -> 0.0001 | K10: =I10-J10 -> 0.042994791
A11: Excess Return | B11: =B9-$B$4 -> 0.1423227 | D11: =IFERROR('Stock Data'!B12,"") -> RRR | E11: =IFERROR('Stock Data'!D12,"") -> Consumer Cyclical | F11: =IFERROR('Stock Data'!K12,1) -> 1.52 | G11: =IFERROR('Stock Data'!M12,0) -> 0.053 | H11: =IFERROR('Stock Data'!L12,0.25) -> 0.304 | I11: 0.039382697 | J11: =IFERROR('Stock Data'!N12,0.01) -> 0 | K11: =I11-J11 -> 0.039382697
A12: SHARPE RATIO | B12: =IFERROR(B11/B10,0) -> 1.0579252 | D12: =IFERROR('Stock Data'!B13,"") -> PPC | E12: =IFERROR('Stock Data'!D13,"") -> Consumer Defensive | F12: =IFERROR('Stock Data'!K13,1) -> 0.45 | G12: =IFERROR('Stock Data'!M13,0) -> 0.094 | H12: =IFERROR('Stock Data'!L13,0.25) -> 0.15 | I12: 0.041396389 | J12: =IFERROR('Stock Data'!N13,0.01) -> 0 | K12: =I12-J12 -> 0.041396389
A13: Portfolio Beta | B13: =SUMPRODUCT(I2:I101,F2:F101) -> 0.88318019 | D13: =IFERROR('Stock Data'!B14,"") -> AVGO | E13: =IFERROR('Stock Data'!D14,"") -> Technology | F13: =IFERROR('Stock Data'!K14,1) -> 1.2 | G13: =IFERROR('Stock Data'!M14,0) -> 0.305 | H13: =IFERROR('Stock Data'!L14,0.25) -> 0.241 | I13: 0.044725378 | J13: =IFERROR('Stock Data'!N14,0.01) -> 0.0244 | K13: =I13-J13 -> 0.020325378
A14: # of Positions | B14: =COUNTIF(I2:I101,">0.001") -> 25 | D14: =IFERROR('Stock Data'!B15,"") -> ANF | E14: =IFERROR('Stock Data'!D15,"") -> Consumer Cyclical | F14: =IFERROR('Stock Data'!K15,1) -> 1.17 | G14: =IFERROR('Stock Data'!M15,0) -> -0.128 | H14: =IFERROR('Stock Data'!L15,0.25) -> 0.234 | I14: 0.034087636 | J14: =IFERROR('Stock Data'!N15,0.01) -> 0.0001 | K14: =I14-J14 -> 0.033987636
A15: Sum of Weights | B15: =SUM(I2:I101) -> 1 | D15: =IFERROR('Stock Data'!B16,"") -> HRB | E15: =IFERROR('Stock Data'!D16,"") -> Consumer Cyclical | F15: =IFERROR('Stock Data'!K16,1) -> 0.31 | G15: =IFERROR('Stock Data'!M16,0) -> 0.255 | H15: =IFERROR('Stock Data'!L16,0.25) -> 0.15 | I15: 0.0438532 | J15: =IFERROR('Stock Data'!N16,0.01) -> 0.0001 | K15: =I15-J15 -> 0.0437532
A16: Benchmark Return | B16: 0.111 | D16: =IFERROR('Stock Data'!B17,"") -> APAM | E16: =IFERROR('Stock Data'!D17,"") -> Financial Services | F16: =IFERROR('Stock Data'!K17,1) -> 1.77 | G16: =IFERROR('Stock Data'!M17,0) -> 0.087 | H16: =IFERROR('Stock Data'!L17,0.25) -> 0.353 | I16: 0.040401617 | J16: =IFERROR('Stock Data'!N17,0.01) -> 0 | K16: =I16-J16 -> 0.040401617
A17: Tracking Error | B17: =SQRT(SUMPRODUCT(K2:K26,MMULT('Covariance Matrix'!B2:Z26,K2:K26))) -> 0.13322953 | D17: =IFERROR('Stock Data'!B18,"") -> LNG | E17: =IFERROR('Stock Data'!D18,"") -> Energy | F17: =IFERROR('Stock Data'!K18,1) -> 0.26 | G17: =IFERROR('Stock Data'!M18,0) -> 0.409 | H17: =IFERROR('Stock Data'!L18,0.25) -> 0.15 | I17: 0.046502268 | J17: =IFERROR('Stock Data'!N18,0.01) -> 0.0006 | K17: =I17-J17 -> 0.045902268
A18: Information Ratio | B18: =IFERROR((B9-B16)/B17,0) -> 0.54284282 | D18: =IFERROR('Stock Data'!B19,"") -> CHTR | E18: =IFERROR('Stock Data'!D19,"") -> Communication Services | F18: =IFERROR('Stock Data'!K19,1) -> 1.06 | G18: =IFERROR('Stock Data'!M19,0) -> 0.477 | H18: =IFERROR('Stock Data'!L19,0.25) -> 0.213 | I18: 0.045650853 | J18: =IFERROR('Stock Data'!N19,0.01) -> 0.0003 | K18: =I18-J18 -> 0.045350853
D19: =IFERROR('Stock Data'!B20,"") -> TIGO | E19: =IFERROR('Stock Data'!D20,"") -> Communication Services | F19: =IFERROR('Stock Data'!K20,1) -> 0.92 | G19: =IFERROR('Stock Data'!M20,0) -> -0.055 | H19: =IFERROR('Stock Data'!L20,0.25) -> 0.184 | I19: 0.039397477 | J19: =IFERROR('Stock Data'!N20,0.01) -> 0.0001 | K19: =I19-J19 -> 0.039297477
D20: =IFERROR('Stock Data'!B21,"") -> BBWI | E20: =IFERROR('Stock Data'!D21,"") -> Consumer Cyclical | F20: =IFERROR('Stock Data'!K21,1) -> 1.47 | G20: =IFERROR('Stock Data'!M21,0) -> 0.187 | H20: =IFERROR('Stock Data'!L21,0.25) -> 0.295 | I20: 0.039717104 | J20: =IFERROR('Stock Data'!N21,0.01) -> 0.0001 | K20: =I20-J20 -> 0.039617104
D21: =IFERROR('Stock Data'!B22,"") -> ACI | E21: =IFERROR('Stock Data'!D22,"") -> Consumer Defensive | F21: =IFERROR('Stock Data'!K22,1) -> 0.32 | G21: =IFERROR('Stock Data'!M22,0) -> 0.362 | H21: =IFERROR('Stock Data'!L22,0.25) -> 0.15 | I21: 0.044926427 | J21: =IFERROR('Stock Data'!N22,0.01) -> 0.0001 | K21: =I21-J21 -> 0.044826427
D22: =IFERROR('Stock Data'!B23,"") -> KD | E22: =IFERROR('Stock Data'!D23,"") -> Technology | F22: =IFERROR('Stock Data'!K23,1) -> 1.94 | G22: =IFERROR('Stock Data'!M23,0) -> 0.39 | H22: =IFERROR('Stock Data'!L23,0.25) -> 0.387 | I22: 0.044578663 | J22: =IFERROR('Stock Data'!N23,0.01) -> 0.0001 | K22: =I22-J22 -> 0.044478663
D23: =IFERROR('Stock Data'!B24,"") -> APA | E23: =IFERROR('Stock Data'!D24,"") -> Energy | F23: =IFERROR('Stock Data'!K24,1) -> 0.76 | G23: =IFERROR('Stock Data'!M24,0) -> 0.076 | H23: =IFERROR('Stock Data'!L24,0.25) -> 0.151 | I23: 0.039684817 | J23: =IFERROR('Stock Data'!N24,0.01) -> 0.0001 | K23: =I23-J23 -> 0.039584817
D24: =IFERROR('Stock Data'!B25,"") -> HG | E24: =IFERROR('Stock Data'!D25,"") -> Financial Services | F24: =IFERROR('Stock Data'!K25,1) -> 0.69 | G24: =IFERROR('Stock Data'!M25,0) -> 0.033 | H24: =IFERROR('Stock Data'!L25,0.25) -> 0.15 | I24: 0.039434037 | J24: =IFERROR('Stock Data'!N25,0.01) -> 0 | K24: =I24-J24 -> 0.039434037
D25: =IFERROR('Stock Data'!B26,"") -> KMB | E25: =IFERROR('Stock Data'!D26,"") -> Consumer Defensive | F25: =IFERROR('Stock Data'!K26,1) -> 0.26 | G25: =IFERROR('Stock Data'!M26,0) -> 0.256 | H25: =IFERROR('Stock Data'!L26,0.25) -> 0.15 | I25: 0.04373642 | J25: =IFERROR('Stock Data'!N26,0.01) -> 0.0005 | K25: =I25-J25 -> 0.04323642
D26: =IFERROR('Stock Data'!B27,"") -> WFRD | E26: =IFERROR('Stock Data'!D27,"") -> Energy | F26: =IFERROR('Stock Data'!K27,1) -> 0.94 | G26: =IFERROR('Stock Data'!M27,0) -> 0.139 | H26: =IFERROR('Stock Data'!L27,0.25) -> 0.188 | I26: 0.040381235 | J26: =IFERROR('Stock Data'!N27,0.01) -> 0.0001 | K26: =I26-J26 -> 0.040281235
D27: =IFERROR('Stock Data'!B28,"") -> 0 | E27: =IFERROR('Stock Data'!D28,"") -> 0 | F27: =IFERROR('Stock Data'!K28,1) -> 0 | G27: =IFERROR('Stock Data'!M28,0) -> 0 | H27: =IFERROR('Stock Data'!L28,0.25) -> 0 | I27: 0 | J27: =IFERROR('Stock Data'!N28,0.01) -> 0 | K27: =I27-J27 -> 0
D28: =IFERROR('Stock Data'!B29,"") -> 0 | E28: =IFERROR('Stock Data'!D29,"") -> 0 | F28: =IFERROR('Stock Data'!K29,1) -> 0 | G28: =IFERROR('Stock Data'!M29,0) -> 0 | H28: =IFERROR('Stock Data'!L29,0.25) -> 0 | I28: 0 | J28: =IFERROR('Stock Data'!N29,0.01) -> 0 | K28: =I28-J28 -> 0
D29: =IFERROR('Stock Data'!B30,"") -> 0 | E29: =IFERROR('Stock Data'!D30,"") -> 0 | F29: =IFERROR('Stock Data'!K30,1) -> 0 | G29: =IFERROR('Stock Data'!M30,0) -> 0 | H29: =IFERROR('Stock Data'!L30,0.25) -> 0 | I29: 0 | J29: =IFERROR('Stock Data'!N30,0.01) -> 0 | K29: =I29-J29 -> 0
D30: =IFERROR('Stock Data'!B31,"") -> 0 | E30: =IFERROR('Stock Data'!D31,"") -> 0 | F30: =IFERROR('Stock Data'!K31,1) -> 0 | G30: =IFERROR('Stock Data'!M31,0) -> 0 | H30: =IFERROR('Stock Data'!L31,0.25) -> 0 | I30: 0 | J30: =IFERROR('Stock Data'!N31,0.01) -> 0 | K30: =I30-J30 -> 0
... D101: =IFERROR('Stock Data'!B102,"") -> 0 | E101: =IFERROR('Stock Data'!D102,"") -> 0 | F101: =IFERROR('Stock Data'!K102,1) -> 0 | G101: =IFERROR('Stock Data'!M102,0) -> 0 | H101: =IFERROR('Stock Data'!L102,0.25) -> 0 | I101: 0 | J101: =IFERROR('Stock Data'!N102,0.01) -> 0 | K101: =I101-J101 -> 0
D102: TOTAL | I102: =SUM(I2:I101) -> 1

Sheet G&K Analytics
A1: GRINOLD-KAHN ANALYTICS
A3: IR = IC × √BR × TC
A5: Component | B5: Symbol | C5: Value | D5: Target | E5: Status
A6: Information Coefficient | B6: IC | C6: 0.05 | D6: > 0.05 | E6: =IF(C6>=0.05,"✓","⚠️") -> ✓
A7: Breadth | B7: BR | C7: =Optimization!B14 -> 25 | D7: ≥ 100 | E7: =IF(C7>=100,"✓","⚠️") -> ⚠️
A8: Transfer Coefficient | B8: TC | C8: 1 | D8: ≥ 0.80 | E8: =IF(C8>=0.8,"✓","⚠️") -> ✓
A9: Implied IR | B9: IR* | C9: =IFERROR(C6*SQRT(C7)*C8,0) -> 0.25 | D9: ≥ 0.50 | E9: =IF(C9>=0.5,"✓","⚠️") -> ⚠️
A10: Realized IR | B10: IR | C10: =Optimization!B18 -> 0.54284282 | D10: > 0.30 | E10: =IF(C10>=0.3,"✓","⚠️") -> ✓
A13: Implied IR = 0.05 × √100 × 1.0 = 0.50

Sheet Dashboard
A1: PORTFOLIO DASHBOARD
A3: KEY METRICS
A4: Sharpe Ratio | B4: =Optimization!B12 -> 1.0579252
A5: Information Ratio | B5: =Optimization!B18 -> 0.54284282
A6: Expected Return | B6: =Optimization!B9 -> 0.1833227
A7: Portfolio Volatility | B7: =Optimization!B10 -> 0.13453002
A8: Tracking Error | B8: =Optimization!B17 -> 0.13322953
A9: Portfolio Beta | B9: =Optimization!B13 -> 0.88318019
A10: # Positions | B10: =Optimization!B14 -> 25
A11: Implied IR (G&K) | B11: ='G&K Analytics'!C9 -> 0.25

Sheet Covariance Matrix
B1: WU | C1: CALM | D1: SLDE | E1: BYD | F1: NATL | G1: PTCT | H1: HCI | I1: ALL | J1: DVA | K1: RRR | L1: PPC | M1: AVGO | N1: ANF | O1: HRB | P1: APAM | Q1: LNG | R1: CHTR | S1: TIGO | T1: BBWI | U1: ACI | V1: KD | W1: APA | X1: HG | Y1: KMB | Z1: WFRD
A2: WU | B2: 0.097364287 | C2: 0.010062088 | D2: -0.0055704333 | E2: -0.0025135213 | F2: 0.0067497174 | G2: -0.0061664361 | H2: 0.0079682631 | I2: 0.00012953936 | J2: 0.02990525 | K2: 0.0036203297 | L2: 0.013800248 | M2: 0.0010312324 | N2: 0.040103303 | O2: 0.016747937 | P2: 0.017586217 | Q2: -0.013586393 | R2: 0.04159266 | S2: 0.0027215855 | T2: 0.042093337 | U2: 0.0093134513 | V2: 0.02609346 | W2: 0.022693075 | X2: 0.00092135664 | Y2: 0.016885673 | Z2: 0.021030325
A3: CALM | B3: 0.010062088 | C3: 0.12758254 | D3: -0.016613914 | E3: 0.012812398 | F3: 0.022553518 | G3: 0.012392718 | H3: 0.011816281 | I3: 0.014376588 | J3: 0.029606968 | K3: 0.020327363 | L3: 0.030361198 | M3: -0.018004279 | N3: -0.00073952881 | O3: 0.016816464 | P3: 0.0095464588 | Q3: -0.0020535145 | R3: 0.019981285 | S3: 0.015961458 | T3: 0.030849976 | U3: 0.014434604 | V3: -0.0036478013 | W3: 0.017407865 | X3: 0.017026076 | Y3: 0.00017567233 | Z3: 0.024888798
A4: SLDE | B4: -0.0055704333 | C4: -0.016613914 | D4: 0.33977546 | E4: 0.0030768241 | F4: -0.010148256 | G4: 0.0022666453 | H4: 0.052506204 | I4: 0.032109141 | J4: 0.00018551993 | K4: -0.01263566 | L4: -0.0022515328 | M4: 0.01630234 | N4: 0.0084857528 | O4: 0.0039003756 | P4: 0.015112635 | Q4: -2.9361355e-05 | R4: 0.015975915 | S4: -0.022755247 | T4: 0.0044989327 | U4: 0.0099746292 | V4: -0.01685874 | W4: -0.011128637 | X4: 0.043120208 | Y4: -0.0013992896 | Z4: 0.021138389
A5: BYD | B5: -0.0025135213 | C5: 0.012812398 | D5: 0.0030768241 | E5: 0.062264513 | F5: 0.02630237 | G5: 0.022040761 | H5: 0.014110574 | I5: 0.0094492469 | J5: 0.016077224 | K5: 0.056110891 | L5: 0.0064372104 | M5: -0.00045449364 | N5: 0.046532765 | O5: 0.0092005289 | P5: 0.023110741 | Q5: -0.0028712884 | R5: 0.0060432174 | S5: 0.0025594852 | T5: 0.032675749 | U5: 0.0095469698 | V5: 0.02613341 | W5: 0.02096284 | X5: 0.019009916 | Y5: 0.0013817214 | Z5: 0.022442162
A6: NATL | B6: 0.0067497174 | C6: 0.022553518 | D6: -0.010148256 | E6: 0.02630237 | F6: 0.19174796 | G6: 0.028530264 | H6: 0.014838953 | I6: 0.018919549 | J6: 0.018216987 | K6: 0.037980967 | L6: 0.0099352131 | M6: 0.011707712 | N6: 0.055422475 | O6: 0.0044264626 | P6: 0.031887012 | Q6: 0.005193491 | R6: 0.01215711 | S6: 0.01513062 | T6: 0.052167448 | U6: 0.01232323 | V6: 0.035486366 | W6: 0.030242407 | X6: 0.041594343 | Y6: 0.011341823 | Z6: 0.024907044
A7: PTCT | B7: -0.0061664361 | C7: 0.012392718 | D7: 0.0022666453 | E7: 0.022040761 | F7: 0.028530264 | G7: 0.17452368 | H7: 0.0097253584 | I7: 0.013608462 | J7: 0.0084861237 | K7: 0.03291776 | L7: -0.004895751 | M7: 0.015352386 | N7: 0.031908282 | O7: -0.00088724247 | P7: 0.014679666 | Q7: 0.0084101621 | R7: 0.015975365 | S7: 0.017489261 | T7: 0.019647522 | U7: 0.0059432487 | V7: 0.0073177462 | W7: -0.004074592 | X7: 0.032272221 | Y7: 0.011219603 | Z7: 0.0020297248
A8: HCI | B8: 0.0079682631 | C8: 0.011816281 | D8: 0.052506204 | E8: 0.014110574 | F8: 0.014838953 | G8: 0.0097253584 | H8: 0.1078912 | I8: 0.021831917 | J8: 0.010463742 | K8: 0.019750042 | L8: 0.011024101 | M8: -0.0016851406 | N8: 0.00094998266 | O8: 0.010236808 | P8: 0.019353909 | Q8: 0.0067949608 | R8: 0.021839004 | S8: 0.00053908335 | T8: 0.013910591 | U8: 0.0097230853 | V8: 0.0020908526 | W8: 0.0080242624 | X8: 0.030144011 | Y8: -0.0019969173 | Z8: 0.004298199
A9: ALL | B9: 0.00012953936 | C9: 0.014376588 | D9: 0.032109141 | E9: 0.0094492469 | F9: 0.018919549 | G9: 0.013608462 | H9: 0.021831917 | I9: 0.053394676 | J9: 0.01154524 | K9: 0.015874923 | L9: 0.0095048884 | M9: -0.025401941 | N9: 0.012622114 | O9: 0.0073120892 | P9: 0.014704307 | Q9: 0.0077031945 | R9: 0.0013045401 | S9: 0.0045793027 | T9: 0.0034688282 | U9: 0.014441074 | V9: -0.0016151077 | W9: 6.4739677e-05 | X9: 0.026942439 | Y9: 0.010157887 | Z9: -0.0043377705
A10: DVA | B10: 0.02990525 | C10: 0.029606968 | D10: 0.00018551993 | E10: 0.016077224 | F10: 0.018216987 | G10: 0.0084861237 | H10: 0.010463742 | I10: 0.01154524 | J10: 0.081173025 | K10: 0.025658925 | L10: 0.016592739 | M10: -0.02119667 | N10: 0.03260595 | O10: 0.0053131658 | P10: 0.021644058 | Q10: -0.00020641669 | R10: 0.034297597 | S10: 0.0015037725 | T10: 0.024288155 | U10: 0.01662009 | V10: 0.01212552 | W10: 0.017879329 | X10: 0.02363013 | Y10: 0.0097709765 | Z10: 0.035306921
A11: RRR | B11: 0.0036203297 | C11: 0.020327363 | D11: -0.01263566 | E11: 0.056110891 | F11: 0.037980967 | G11: 0.03291776 | H11: 0.019750042 | I11: 0.015874923 | J11: 0.025658925 | K11: 0.12631693 | L11: 0.0066372164 | M11: -0.013577888 | N11: 0.06834464 | O11: 0.0031098088 | P11: 0.021930328 | Q11: 0.0024496226 | R11: 0.0085178511 | S11: 0.017475794 | T11: 0.037956717 | U11: 0.016040027 | V11: 0.024497779 | W11: 0.016177564 | X11: 0.019511787 | Y11: 0.0072930068 | Z11: 0.014114175
A12: PPC | B12: 0.013800248 | C12: 0.030361198 | D12: -0.0022515328 | E12: 0.0064372104 | F12: 0.0099352131 | G12: -0.004895751 | H12: 0.011024101 | I12: 0.0095048884 | J12: 0.016592739 | K12: 0.0066372164 | L12: 0.055891536 | M12: -0.024903587 | N12: 0.021959856 | O12: 0.020549999 | P12: 0.0068740672 | Q12: 6.6204652e-05 | R12: 0.011391049 | S12: -0.003526613 | T12: 0.0034989459 | U12: 0.013766209 | V12: 0.0065097257 | W12: 0.0026458395 | X12: 0.0082937412 | Y12: 0.015613154 | Z12: 0.010387208
A13: AVGO | B13: 0.0010312324 | C13: -0.018004279 | D13: 0.01630234 | E13: -0.00045449364 | F13: 0.011707712 | G13: 0.015352386 | H13: -0.0016851406 | I13: -0.025401941 | J13: -0.02119667 | K13: -0.013577888 | L13: -0.024903587 | M13: 0.20490594 | N13: 0.030543821 | O13: -0.036350178 | P13: 0.0043814198 | Q13: 0.0022151361 | R13: -0.0039696658 | S13: -0.010378661 | T13: 0.012950372 | U13: -0.021941072 | V13: 0.036080007 | W13: 0.013680491 | X13: -0.0056256755 | Y13: -0.0078767501 | Z13: 0.020372391
... A26: WFRD | B26: 0.021030325 | C26: 0.024888798 | D26: 0.021138389 | E26: 0.022442162 | F26: 0.024907044 | G26: 0.0020297248 | H26: 0.004298199 | I26: -0.0043377705 | J26: 0.035306921 | K26: 0.014114175 | L26: 0.010387208 | M26: 0.020372391 | N26: 0.039029494 | O26: -0.0042504991 | P26: 0.02696472 | Q26: 0.0097679343 | R26: 0.023991685 | S26: -0.0083741048 | T26: 0.059330596 | U26: -0.00080462134 | V26: 0.014473364 | W26: 0.11904185 | X26: 0.0057172276 | Y26: -0.01027151 | Z26: 0.16894338

Sheet Correlation Matrix
B1: WU | C1: CALM | D1: SLDE | E1: BYD | F1: NATL | G1: PTCT | H1: HCI | I1: ALL | J1: DVA | K1: RRR | L1: PPC | M1: AVGO | N1: ANF | O1: HRB | P1: APAM | Q1: LNG | R1: CHTR | S1: TIGO | T1: BBWI | U1: ACI | V1: KD | W1: APA | X1: HG | Y1: KMB | Z1: WFRD
A2: WU | B2: 1 | C2: 0.090280225 | D2: -0.030626201 | E2: -0.032282148 | F2: 0.049399251 | G2: -0.047305018 | H2: 0.077744704 | I2: 0.0017966063 | J2: 0.33638895 | K2: 0.032645062 | L2: 0.18707425 | M2: 0.0073009511 | N2: 0.18870478 | O2: 0.22149717 | P2: 0.25578952 | Q2: -0.1958457 | R2: 0.33585247 | S2: 0.026861301 | T2: 0.24298386 | U2: 0.10246091 | V2: 0.1980639 | W2: 0.16222489 | X2: 0.010251182 | Y2: 0.20082447 | Z2: 0.16397421
A3: CALM | B3: 0.090280225 | C3: 1 | D3: -0.079795853 | E3: 0.1437522 | F3: 0.14419603 | G3: 0.083050788 | H3: 0.10071454 | I3: 0.17418519 | J3: 0.29093264 | K3: 0.16012335 | L3: 0.35954253 | M3: -0.11135323 | N3: -0.0030399195 | O3: 0.1942879 | P3: 0.12129889 | Q3: -0.025859007 | R3: 0.14094819 | S3: 0.1376201 | T3: 0.15556902 | U3: 0.13872562 | V3: -0.024188506 | W3: 0.1087111 | X3: 0.16548741 | Y3: 0.0018251805 | Z3: 0.16952655
A4: SLDE | B4: -0.030626201 | C4: -0.079795853 | D4: 1 | E4: 0.021153702 | F4: -0.039758503 | G4: 0.0093080859 | H4: 0.2742342 | I4: 0.23838762 | J4: 0.0011170914 | K4: -0.060991756 | L4: -0.01633839 | M4: 0.061784091 | N4: 0.02137455 | O4: 0.027613224 | P4: 0.11766691 | Q4: -0.00022656342 | R4: 0.069056002 | S4: -0.1202238 | T4: 0.013902004 | U4: 0.058741925 | V4: -0.068501896 | W4: -0.042586305 | X4: 0.25682119 | Y4: -0.0089086048 | Z4: 0.088227769
A5: BYD | B5: -0.032282148 | C5: 0.1437522 | D5: 0.021153702 | E5: 1 | F5: 0.24071835 | G5: 0.21143608 | H5: 0.17215965 | I5: 0.16388074 | J5: 0.22614391 | K5: 0.63269747 | L5: 0.10912001 | M5: -0.004023743 | N5: 0.27380487 | O5: 0.15215954 | P5: 0.42034292 | Q5: -0.051756658 | R5: 0.061021041 | S5: 0.031589099 | T5: 0.23586808 | U5: 0.13133869 | V5: 0.24805574 | W5: 0.18739319 | X5: 0.26448796 | Y5: 0.020549358 | Z5: 0.21881335
A6: NATL | B6: 0.049399251 | C6: 0.14419603 | D6: -0.039758503 | E6: 0.24071835 | F6: 1 | G6: 0.15596 | H6: 0.10316797 | I6: 0.18698054 | J6: 0.14601763 | K6: 0.24404497 | L6: 0.095970727 | M6: 0.059064887 | N6: 0.18583313 | O6: 0.041715563 | P6: 0.33049021 | Q6: 0.053346227 | R6: 0.069951437 | S6: 0.10641339 | T6: 0.21458439 | U6: 0.096606555 | V6: 0.19194184 | W6: 0.1540547 | X6: 0.32977285 | Y6: 0.096120401 | Z6: 0.13838411
A7: PTCT | B7: -0.047305018 | C7: 0.083050788 | D7: 0.0093080859 | E7: 0.21143608 | F7: 0.15596 | G7: 1 | H7: 0.070873752 | I7: 0.140972 | J7: 0.071297829 | K7: 0.22170338 | L7: -0.049570022 | M7: 0.081184182 | N7: 0.11214472 | O7: -0.0087643927 | P7: 0.1594774 | Q7: 0.090549674 | R7: 0.096350793 | S7: 0.12892858 | T7: 0.084711919 | U7: 0.048836456 | V7: 0.04148811 | W7: -0.021756094 | X7: 0.26819315 | Y7: 0.09966631 | Z7: 0.011820596
A8: HCI | B8: 0.077744704 | C8: 0.10071454 | D8: 0.2742342 | E8: 0.17215965 | F8: 0.10316797 | G8: 0.070873752 | H8: 1 | I8: 0.2876404 | J8: 0.11181193 | K8: 0.16917814 | L8: 0.14196365 | M8: -0.011333547 | N8: 0.0042464428 | O8: 0.12861103 | P8: 0.26741505 | Q8: 0.093047273 | R8: 0.16752187 | S8: 0.0050543793 | T8: 0.076281021 | U8: 0.10161516 | V8: 0.015076617 | W8: 0.05449242 | X8: 0.31860606 | Y8: -0.022561354 | Z8: 0.031836324
A9: ALL | B9: 0.0017966063 | C9: 0.17418519 | D9: 0.23838762 | E9: 0.16388074 | F9: 0.18698054 | G9: 0.140972 | H9: 0.2876404 | I9: 1 | J9: 0.1753671 | K9: 0.19330001 | L9: 0.17399029 | M9: -0.24285143 | N9: 0.080202099 | O9: 0.13058677 | P9: 0.28880569 | Q9: 0.14994486 | R9: 0.014224602 | S9: 0.061031674 | T9: 0.027039442 | U9: 0.2145349 | V9: -0.016554879 | W9: 0.00062495037 | X9: 0.40479387 | Y9: 0.163137 | Z9: -0.045671681
A10: DVA | B10: 0.33638895 | C10: 0.29093264 | D10: 0.0011170914 | E10: 0.22614391 | F10: 0.14601763 | G10: 0.071297829 | H10: 0.11181193 | I10: 0.1753671 | J10: 1 | K10: 0.2533972 | L10: 0.24634241 | M10: -0.16435559 | N10: 0.16803262 | O10: 0.076958074 | P10: 0.34478072 | Q10: -0.0032587321 | R10: 0.30331195 | S10: 0.016254784 | T10: 0.15355097 | U10: 0.2002511 | V10: 0.10080174 | W10: 0.13998108 | X10: 0.28794281 | Y10: 0.12727122 | Z10: 0.30149727
A11: RRR | B11: 0.032645062 | C11: 0.16012335 | D11: -0.060991756 | E11: 0.63269747 | F11: 0.24404497 | G11: 0.22170338 | H11: 0.16917814 | I11: 0.19330001 | J11: 0.2533972 | K11: 1 | L11: 0.07899183 | M11: -0.084396452 | N11: 0.28234252 | O11: 0.036108512 | P11: 0.28004287 | Q11: 0.031001172 | R11: 0.060385263 | S11: 0.1514297 | T11: 0.1923631 | U11: 0.15492509 | V11: 0.16325611 | W11: 0.10153279 | X11: 0.19059534 | Y11: 0.076150705 | Z11: 0.096617131
A12: PPC | B12: 0.18707425 | C12: 0.35954253 | D12: -0.01633839 | E12: 0.10912001 | F12: 0.095970727 | G12: -0.049570022 | H12: 0.14196365 | I12: 0.17399029 | J12: 0.24634241 | K12: 0.07899183 | L12: 1 | M12: -0.23270816 | N12: 0.13638263 | O12: 0.35871164 | P12: 0.13196261 | Q12: 0.0012595784 | R12: 0.12140104 | S12: -0.045939863 | T12: 0.026658034 | U12: 0.19988893 | V12: 0.065217351 | W12: 0.024964017 | X12: 0.12179332 | Y12: 0.24508442 | Z12: 0.10689447
A13: AVGO | B13: 0.0073009511 | C13: -0.11135323 | D13: 0.061784091 | E13: -0.004023743 | F13: 0.059064887 | G13: 0.081184182 | H13: -0.011333547 | I13: -0.24285143 | J13: -0.16435559 | K13: -0.084396452 | L13: -0.23270816 | M13: 1 | N13: 0.099071491 | O13: -0.33138738 | P13: 0.04392864 | Q13: 0.022010649 | R13: -0.02209573 | S13: -0.070610449 | T13: 0.051531038 | U13: -0.16639029 | V13: 0.18878298 | W13: 0.067413736 | X13: -0.043146286 | Y13: -0.064575516 | Z13: 0.10949496
... A26: WFRD | B26: 0.16397421 | C26: 0.16952655 | D26: 0.088227769 | E26: 0.21881335 | F26: 0.13838411 | G26: 0.011820596 | H26: 0.031836324 | I26: -0.045671681 | J26: 0.30149727 | K26: 0.096617131 | L26: 0.10689447 | M26: 0.10949496 | N26: 0.13941995 | O26: -0.042675245 | P26: 0.29773883 | Q26: 0.10689117 | R26: 0.14706924 | S26: -0.062744074 | T26: 0.25999921 | U26: -0.0067199861 | V26: 0.083401214 | W26: 0.64603056 | X26: 0.04829041 | Y26: -0.092738865 | Z26: 1
